[
  {
    "id": 1,
    "username": "dhwlddj",
    "imgUrl": "https://d2ur7st6jjikze.cloudfront.net/cms/574_original_1651046108.png?1651046108"
  },
  {
    "id": 2,
    "username": "tkaruqktf",
    "imgUrl": "https://d2ur7st6jjikze.cloudfront.net/cms/1843_original_1651471374.png?1651471374"
  },
  {
    "id": 3,
    "username": "rhrlwnj",
    "imgUrl": "https://d2ur7st6jjikze.cloudfront.net/cms/488_original_1659669704.png?1659669704"
  },
  {
    "id": 4,
    "username": "rhrlwntka",
    "imgUrl": "https://d2ur7st6jjikze.cloudfront.net/cms/522_original_1659356872.png?1659356872"
  },
  {
    "id": 5,
    "username": "rnrwlsdl",
    "imgUrl": "https://d2ur7st6jjikze.cloudfront.net/cms/532_original_1659327204.png?1659327204"
  },
  {
    "id": 6,
    "username": "vhzptahs",
    "imgUrl": "https://d2ur7st6jjikze.cloudfront.net/cms/2252_original_1658707973.png?1658707973"
  }
]
