[
  {
    "id": 1,
    "imgUrl": "https://ak-d.tripcdn.com/images/0a14e120009gwbxk596B1.png_.webp"
  },
  {
    "id": 2,
    "imgUrl": "https://ak-d.tripcdn.com/images/0a12t120008q75amj6D29.png_.webp"
  },
  {
    "id": 3,
    "imgUrl": "https://air.jejupass.com/air//_upload/bannermanage/03_%ED%94%84%EB%A1%9C%EB%AA%A8%EC%85%98%EB%B0%B0%EB%84%88.png"
  },
  {
    "id": 4,
    "imgUrl": "https://static-file.jejupass.com/download/799913?width=736&height=360"
  },
  {
    "id": 5,
    "imgUrl": "https://static-file.jejupass.com/download/120197?width=736&height=360"
  },
  {
    "id": 6,
    "imgUrl": "https://static-file.jejupass.com/download/687857?width=736&height=360"
  }
]
