[
  {
    "id": 1,
    "title": "정렬",
    "list": [
      {
        "id": 1,
        "filter": "출발시간 이른 순"
      },
      {
        "id": 2,
        "filter": "출발시간 늦은 순"
      },
      {
        "id": 3,
        "filter": "가격 낮은 순"
      },
      {
        "id": 4,
        "filter": "가격 높은 순"
      }
    ]
  },
  {
    "id": 2,
    "title": "항공사",
    "list": [
      {
        "id": 5,
        "filter": "혜진 항공"
      },
      {
        "id": 6,
        "filter": "정은 항공"
      },
      {
        "id": 7,
        "filter": "정용 항공"
      },
      {
        "id": 8,
        "filter": "찬규 항공"
      },
      {
        "id": 9,
        "filter": "성훈 항공"
      },
      {
        "id": 10,
        "filter": "현주 항공"
      }
    ]
  }
]
