[
  {
    "id": 1,
    "img": "https://images.unsplash.com/photo-1589452271712-64b8a66c7b71?ixlib=rb-1.2.1&ixid=MnwxMjA3fDB8MHxzZWFyY2h8M3x8b3Nha2F8ZW58MHx8MHx8&auto=format&fit=crop&w=400&q=60",
    "dep": "인천",
    "arr": "오사카",
    "trip": "왕복",
    "date": "8월 6일 ~ 8월 9일",
    "price": "557,100원 ~",
    "discount": "최저가"
  },
  {
    "id": 2,
    "img": "https://images.unsplash.com/photo-1542051841857-5f90071e7989?ixlib=rb-1.2.1&ixid=MnwxMjA3fDB8MHxzZWFyY2h8MTh8fHRva3lvfGVufDB8fDB8fA%3D%3D&auto=format&fit=crop&w=400&q=60",
    "dep": "김포",
    "arr": "도쿄",
    "trip": "왕복",
    "date": "8월 9일 ~ 8월 20일",
    "price": "1,180,300원 ~",
    "discount": "최고가"
  },
  {
    "id": 3,
    "img": "https://images.unsplash.com/photo-1624517608711-a16440e873c1?ixlib=rb-1.2.1&ixid=MnwxMjA3fDB8MHxzZWFyY2h8MTB8fGZ1a3Vva2ElMjBjaXR5fGVufDB8fDB8fA%3D%3D&auto=format&fit=crop&w=400&q=60",
    "dep": "인천",
    "arr": "후쿠오카",
    "trip": "왕복",
    "date": "9월 14일 ~ 9월 23일",
    "price": "1,190,100원 ~",
    "discount": "최저가"
  },
  {
    "id": 4,
    "img": "https://images.unsplash.com/photo-1545014393-76c7b8936c76?ixlib=rb-1.2.1&ixid=MnwxMjA3fDB8MHxzZWFyY2h8MTB8fGhva2thaWRvfGVufDB8fDB8fA%3D%3D&auto=format&fit=crop&w=400&q=60",
    "dep": "김포",
    "arr": "훗카이도",
    "trip": "왕복",
    "date": "1월 1일 ~ 1월 10일",
    "price": "1,557,100원 ~",
    "discount": "최고가"
  }
]
