[
  {
    "id": 1,
    "img": "https://images.unsplash.com/photo-1597629008285-a10132d20913?ixlib=rb-1.2.1&ixid=MnwxMjA3fDB8MHxwaG90by1wYWdlfHx8fGVufDB8fHx8&auto=format&fit=crop&w=870&q=80",
    "dep": "방콕",
    "arr": "치앙마이",
    "trip": "왕복",
    "date": "10월 30일 ~ 11월 3일",
    "price": "34,400원 ~",
    "discount": "최저가"
  },
  {
    "id": 2,
    "img": "https://images.unsplash.com/photo-1589394815804-964ed0be2eb5?ixlib=rb-1.2.1&ixid=MnwxMjA3fDB8MHxwaG90by1wYWdlfHx8fGVufDB8fHx8&auto=format&fit=crop&w=801&q=80",
    "dep": "방콕",
    "arr": "푸켓",
    "trip": "왕복",
    "date": "9월 28일 ~ 10월 3일",
    "price": "30,800원 ~",
    "discount": "최저가"
  },
  {
    "id": 3,
    "img": "https://images.unsplash.com/photo-1552465011-b4e21bf6e79a?ixlib=rb-1.2.1&ixid=MnwxMjA3fDB8MHxwaG90by1wYWdlfHx8fGVufDB8fHx8&auto=format&fit=crop&w=839&q=80",
    "dep": "방콕",
    "arr": "크라비",
    "trip": "왕복",
    "date": "9월 22일 ~ 9월 30일",
    "price": "33,500원 ~",
    "discount": "최저가"
  },
  {
    "id": 4,
    "img": "https://images.unsplash.com/photo-1572529593091-6c05c37cacc7?ixlib=rb-1.2.1&ixid=MnwxMjA3fDB8MHxwaG90by1wYWdlfHx8fGVufDB8fHx8&auto=format&fit=crop&w=870&q=80",
    "dep": "방콕",
    "arr": "코사무이",
    "trip": "왕복",
    "date": "9월 13일 ~ 1월 21일",
    "price": "146,000원 ~",
    "discount": "최저가"
  }
]
