[
  {
    "id": 1,
    "mtitle": "MAKE JEJU BETTER",
    "title": "그린 앰버서더는 제주를 지키기 위한 MAKE JEJU BETTER 캠페인의 멤버십입니다",
    "video": "https://static-www.jejupass.com/resource/PC/images/esg_main/esg_main_video.mp4"
  },
  {
    "id": 2,
    "title": "우리는 제주 여행을 통해 새로운 경험과 즐거움 그리고 힐링을 하고 떠납니다",
    "imgUrl": "https://static-www.jejupass.com/resource/PC/images/esg_main/bg_img01.jpg"
  },
  {
    "id": 3,
    "title": "우리의 기쁨 뒤에 제주가 아프고 소중한 빛을 잃어간다면 제주여행의 즐거움은 그리 오래가지 못할 것입니다",
    "imgUrl": "https://static-www.jejupass.com/resource/PC/images/esg_main/bg_img02.jpg"
  },
  {
    "id": 4,
    "title": "푸른 섬 제주가 본래의 빛을 잃지않고서 오래오래 지속될 수 있도록 제주를 아끼는 여행에 함께해 주세요",
    "imgUrl": "https://static-www.jejupass.com/resource/PC/images/esg_main/bg_img03.jpg"
  },
  {
    "id": 5,
    "title": "1500만 여행객과 함께 청정한 자연과 또 진정한 아름다움을 지키며 선한 영향력을 펼치는 것을 목표로 합니다",
    "imgUrl": "https://static-www.jejupass.com/resource/PC/images/esg_main/bg_img04.jpg"
  },
  {
    "id": 6,
    "title": " 캠페인을 통해 정부ㆍ단체ㆍ개인 모두가 참여가능한 기부와 여행이 공존하는 통합형플랫폼으로 거듭나고자 합니다",
    "imgUrl": "https://static-www.jejupass.com/resource/PC/images/esg_main/bg_img05.jpg"
  }
]
